Users,ResponseTime_mean,ResponseTime_ci_lo,ResponseTime_ci_hi,ResponseTime_n,Throughput_mean,Throughput_ci_lo,Throughput_ci_hi,Throughput_n,Goodput_mean,Goodput_ci_lo,Goodput_ci_hi,Goodput_n,Badput_mean,Badput_ci_lo,Badput_ci_hi,Badput_n,Timeouts_mean,Timeouts_ci_lo,Timeouts_ci_hi,Timeouts_n,Util_mean,Util_ci_lo,Util_ci_hi,Util_n
10,0.0600653,0.0591606,0.0609701,15,3.0725,3.06704,3.07796,15,3.0725,3.06704,3.07796,15,0,0,0,15,0,0,0,15,0.0452727,0.0446261,0.0459192,15
20,0.061912,0.0610815,0.0627425,15,6.13125,6.12233,6.14017,15,6.13125,6.12233,6.14017,15,0,0,0,15,0,0,0,15,0.0916567,0.0904454,0.0928679,15
30,0.0648787,0.0641408,0.0656166,15,9.19708,9.18798,9.20619,15,9.19708,9.18798,9.20619,15,0,0,0,15,0,0,0,15,0.137905,0.136549,0.139262,15
40,0.06866,0.0678074,0.0695126,15,12.2425,12.2333,12.2517,15,12.2425,12.2333,12.2517,15,0,0,0,15,0,0,0,15,0.183853,0.18229,0.185415,15
50,0.0729233,0.072065,0.0737817,15,15.2862,15.2753,15.2972,15,15.2862,15.2753,15.2972,15,0,0,0,15,0,0,0,15,0.229859,0.228058,0.231661,15
60,0.0779973,0.0767932,0.0792014,15,18.3062,18.2946,18.3179,15,18.3062,18.2946,18.3179,15,0,0,0,15,0,0,0,15,0.276435,0.274523,0.278347,15
70,0.0836633,0.0822087,0.085118,15,21.3371,21.3211,21.353,15,21.3371,21.3211,21.353,15,0,0,0,15,0,0,0,15,0.321752,0.318538,0.324966,15
80,0.0906407,0.0890877,0.0921936,15,24.3238,24.3085,24.339,15,24.3238,24.3085,24.339,15,0,0,0,15,0,0,0,15,0.366287,0.363214,0.369359,15
90,0.0983627,0.0966054,0.10012,15,27.3021,27.2858,27.3183,15,27.3021,27.2858,27.3183,15,0,0,0,15,0,0,0,15,0.412273,0.409001,0.415545,15
100,0.107745,0.106133,0.109358,15,30.2575,30.2381,30.2769,15,30.2575,30.2381,30.2769,15,0,0,0,15,0,0,0,15,0.453885,0.451077,0.456692,15
110,0.115152,0.113171,0.117133,15,33.1833,33.1585,33.2082,15,33.1833,33.1585,33.2082,15,0,0,0,15,0,0,0,15,0.497031,0.493945,0.500117,15
120,0.126687,0.124039,0.129336,15,36.0842,36.0465,36.1218,15,36.0842,36.0465,36.1218,15,0,0,0,15,0,0,0,15,0.538905,0.53591,0.541899,15
130,0.141415,0.138218,0.144613,15,38.9238,38.8827,38.9648,15,38.9238,38.8827,38.9648,15,0,0,0,15,0,0,0,15,0.581419,0.577597,0.58524,15
140,0.158387,0.154356,0.162418,15,41.715,41.6669,41.7631,15,41.715,41.6669,41.7631,15,0,0,0,15,0,0,0,15,0.626785,0.623655,0.629914,15
150,0.169099,0.165993,0.172204,15,44.5362,44.4897,44.5828,15,44.5362,44.4897,44.5828,15,0,0,0,15,0,0,0,15,0.665896,0.663408,0.668384,15
160,0.195995,0.191784,0.200205,15,47.1058,47.0513,47.1604,15,47.1058,47.0513,47.1604,15,0,0,0,15,0,0,0,15,0.707848,0.705212,0.710484,15
170,0.219067,0.213428,0.224707,15,49.7075,49.6224,49.7926,15,49.7075,49.6224,49.7926,15,0,0,0,15,0,0,0,15,0.746316,0.74357,0.749062,15
180,0.247622,0.243331,0.251913,15,52.2208,52.1541,52.2876,15,52.2208,52.1541,52.2876,15,0,0,0,15,0,0,0,15,0.783139,0.779275,0.787003,15
190,0.284849,0.28087,0.288828,15,54.5142,54.4484,54.5799,15,54.5142,54.4484,54.5799,15,0,0,0,15,0,0,0,15,0.820762,0.818724,0.8228,15
200,0.33283,0.324177,0.341483,15,56.6213,56.4845,56.758,15,56.6213,56.4845,56.758,15,0,0,0,15,0,0,0,15,0.850559,0.847582,0.853537,15
210,0.382452,0.373748,0.391156,15,58.6492,58.5081,58.7903,15,58.6492,58.5081,58.7903,15,0,0,0,15,0,0,0,15,0.882767,0.879323,0.88621,15
220,0.437309,0.429242,0.445376,15,60.4825,60.3478,60.6172,15,60.4825,60.3478,60.6172,15,0,0,0,15,0,0,0,15,0.907211,0.904876,0.909545,15
230,0.511184,0.504357,0.518011,15,61.9583,61.8291,62.0876,15,61.9583,61.8291,62.0876,15,0,0,0,15,0,0,0,15,0.929166,0.927128,0.931204,15
240,0.612585,0.600393,0.624777,15,62.95,62.7533,63.1467,15,62.95,62.7533,63.1467,15,0,0,0,15,0,0,0,15,0.948249,0.947015,0.949484,15
250,0.708445,0.693318,0.723571,15,63.9804,63.7317,64.2292,15,63.9804,63.7317,64.2292,15,0,0,0,15,0,0,0,15,0.960795,0.95945,0.96214,15
260,0.813626,0.799354,0.827898,15,64.8392,64.6137,65.0646,15,64.8392,64.6137,65.0646,15,0,0,0,15,0,0,0,15,0.970209,0.969184,0.971235,15
270,0.940154,0.926852,0.953456,15,65.2358,65.0077,65.4639,15,65.2358,65.0077,65.4639,15,0,0,0,15,0,0,0,15,0.975325,0.974658,0.975993,15
280,1.08015,1.06101,1.09929,15,65.3929,65.1137,65.6722,15,65.3929,65.1137,65.6722,15,0,0,0,15,0,0,0,15,0.978855,0.978346,0.979364,15
290,1.22939,1.21175,1.24702,15,65.4912,65.2322,65.7503,15,65.4912,65.2322,65.7503,15,0,0,0,15,0,0,0,15,0.980944,0.980678,0.98121,15
300,1.38489,1.36022,1.40955,15,65.4733,65.1355,65.8111,15,65.4733,65.1355,65.8111,15,0,0,0,15,0,0,0,15,0.98171,0.981586,0.981834,15
310,1.54328,1.52083,1.56574,15,65.3583,65.0469,65.6698,15,65.3583,65.0469,65.6698,15,0,0,0,15,0,0,0,15,0.981863,0.981782,0.981944,15
320,1.66875,1.64743,1.69006,15,65.7504,65.4367,66.0642,15,65.7504,65.4367,66.0642,15,0,0,0,15,0,0,0,15,0.981952,0.981929,0.981975,15
330,1.83118,1.81239,1.84996,15,65.5704,65.3111,65.8298,15,65.57,65.3105,65.8295,15,0.000416667,-0.000317213,0.00115055,15,0.0666667,-0.050754,0.184087,15,0.98199,0.981981,0.981999,15
340,1.98538,1.96398,2.00678,15,65.5796,65.3203,65.8388,15,65.5796,65.3203,65.8388,15,0,0,0,15,0,0,0,15,0.981989,0.981982,0.981995,15
350,2.15908,2.13027,2.1879,15,65.3554,65.0175,65.6933,15,65.3554,65.0175,65.6933,15,0,0,0,15,0,0,0,15,0.981979,0.981968,0.98199,15
360,2.30091,2.27136,2.33047,15,65.4583,65.1373,65.7794,15,65.4571,65.1353,65.7788,15,0.00125,-0.000343428,0.00284343,15,0.2,-0.0549485,0.454949,15,0.981975,0.981964,0.981986,15
370,2.45447,2.41917,2.48976,15,65.51,65.1316,65.8884,15,65.5054,65.1271,65.8837,15,0.00458333,0.00185145,0.00731521,15,0.733333,0.296233,1.17043,15,0.981977,0.981969,0.981986,15
380,2.61175,2.58694,2.63657,15,65.3642,65.0866,65.6417,15,65.3588,65.0801,65.6374,15,0.00541667,0.00240355,0.00842979,15,0.866667,0.384567,1.34877,15,0.981979,0.981969,0.98199,15
390,2.76865,2.74085,2.79645,15,65.3629,65.0846,65.6412,15,65.3508,65.0708,65.6309,15,0.0120833,0.00655657,0.0176101,15,1.93333,1.04905,2.81762,15,0.981981,0.981972,0.981989,15
400,2.91189,2.88572,2.93805,15,65.4371,65.1702,65.704,15,65.4246,65.1568,65.6923,15,0.0125,0.00848038,0.0165196,15,2,1.35686,2.64314,15,0.981983,0.981973,0.981994,15
410,3.06251,3.03651,3.08852,15,65.475,65.2045,65.7455,15,65.4575,65.1845,65.7305,15,0.0175,0.0122152,0.0227848,15,2.8,1.95443,3.64557,15,0.981972,0.981965,0.981979,15
420,3.22478,3.19807,3.25148,15,65.3667,65.1266,65.6067,15,65.3408,65.0998,65.5818,15,0.0258333,0.0201623,0.0315044,15,4.13333,3.22596,5.0407,15,0.981983,0.981975,0.981992,15
430,3.37463,3.34501,3.40424,15,65.4454,65.1546,65.7362,15,65.4137,65.1197,65.7078,15,0.0316667,0.0244228,0.0389105,15,5.06667,3.90766,6.22568,15,0.981981,0.981971,0.981991,15
440,3.52809,3.50635,3.54984,15,65.3983,65.2079,65.5888,15,65.3529,65.1622,65.5437,15,0.0454167,0.038334,0.0524994,15,7.26667,6.13343,8.3999,15,0.981975,0.981966,0.981984,15
450,3.65798,3.62734,3.68861,15,65.6658,65.3824,65.9493,15,65.6112,65.3249,65.8976,15,0.0545833,0.0453129,0.0638538,15,8.73333,7.25006,10.2166,15,0.981987,0.981978,0.981997,15
460,3.826,3.78871,3.86329,15,65.4696,65.1387,65.8005,15,65.4004,65.0634,65.7374,15,0.0691667,0.0561653,0.0821681,15,11.0667,8.98644,13.1469,15,0.981965,0.981954,0.981977,15
470,3.97092,3.93876,4.00309,15,65.5379,65.2509,65.8249,15,65.4604,65.1666,65.7542,15,0.0775,0.0670402,0.0879598,15,12.4,10.7264,14.0736,15,0.981961,0.981954,0.981969,15
480,4.13852,4.11528,4.16175,15,65.3733,65.162,65.5846,15,65.2825,65.0668,65.4982,15,0.0908333,0.0803148,0.101352,15,14.5333,12.8504,16.2163,15,0.981957,0.981948,0.981967,15
490,4.29036,4.26201,4.31872,15,65.4358,65.1954,65.6763,15,65.3467,65.1029,65.5904,15,0.0891667,0.0794109,0.0989224,15,14.2667,12.7057,15.8276,15,0.98195,0.981942,0.981958,15
500,4.41553,4.37422,4.45684,15,65.6583,65.2982,66.0185,15,65.5579,65.1941,65.9217,15,0.100417,0.0862676,0.114566,15,16.0667,13.8028,18.3305,15,0.981957,0.981944,0.981969,15
510,4.58412,4.55804,4.61019,15,65.4858,65.2665,65.7051,15,65.3867,65.1658,65.6075,15,0.0991667,0.0896869,0.108646,15,15.8667,14.3499,17.3834,15,0.981952,0.981943,0.981961,15
520,4.74146,4.70797,4.77494,15,65.4817,65.2051,65.7583,15,65.3683,65.0884,65.6483,15,0.113333,0.101474,0.125193,15,18.1333,16.2358,20.0308,15,0.981953,0.981943,0.981963,15
530,4.89369,4.84778,4.9396,15,65.4975,65.1052,65.8898,15,65.3871,64.9942,65.7799,15,0.110417,0.100949,0.119884,15,17.6667,16.1519,19.1815,15,0.981952,0.981942,0.981962,15
540,5.04289,5.01264,5.07315,15,65.5267,65.293,65.7604,15,65.4142,65.1711,65.6572,15,0.1125,0.0969321,0.128068,15,18,15.5091,20.4909,15,0.981953,0.981943,0.981964,15
550,5.2004,5.16881,5.23199,15,65.4567,65.2159,65.6975,15,65.3321,65.0823,65.5819,15,0.124583,0.10856,0.140607,15,19.9333,17.3696,22.4971,15,0.981956,0.981944,0.981968,15
560,5.32458,5.28751,5.36165,15,65.6988,65.4103,65.9872,15,65.5667,65.2757,65.8577,15,0.132083,0.122363,0.141804,15,21.1333,19.5781,22.6886,15,0.981959,0.98195,0.981968,15
570,5.50326,5.46653,5.54,15,65.4467,65.1754,65.7179,15,65.3204,65.042,65.5989,15,0.12625,0.111551,0.140949,15,20.2,17.8482,22.5518,15,0.981945,0.981937,0.981954,15
580,5.66119,5.62339,5.699,15,65.3946,65.1562,65.633,15,65.2558,65.0119,65.4998,15,0.13875,0.124694,0.152806,15,22.2,19.951,24.449,15,0.981952,0.981945,0.981959,15
590,5.79678,5.76827,5.82528,15,65.5971,65.3745,65.8197,15,65.4583,65.2325,65.6842,15,0.13875,0.125238,0.152262,15,22.2,20.0381,24.3619,15,0.981952,0.981943,0.981961,15
600,5.96418,5.91839,6.00997,15,65.5058,65.1647,65.847,15,65.3588,65.0063,65.7112,15,0.147083,0.129899,0.164267,15,23.5333,20.7839,26.2828,15,0.981951,0.981941,0.98196,15
610,6.11533,6.08487,6.14579,15,65.5037,65.3007,65.7068,15,65.3525,65.143,65.562,15,0.15125,0.137071,0.165429,15,24.2,21.9314,26.4686,15,0.981961,0.981951,0.981972,15
620,6.25343,6.20652,6.30034,15,65.6083,65.2652,65.9515,15,65.4433,65.0947,65.7919,15,0.165,0.150475,0.179525,15,26.4,24.076,28.724,15,0.981963,0.981953,0.981974,15
630,6.42079,6.37433,6.46725,15,65.4596,65.1604,65.7588,15,65.2938,64.9851,65.6024,15,0.165833,0.149023,0.182644,15,26.5333,23.8436,29.223,15,0.981953,0.981941,0.981964,15
640,6.55992,6.5179,6.60193,15,65.58,65.2935,65.8665,15,65.4092,65.1157,65.7026,15,0.170833,0.15596,0.185706,15,27.3333,24.9537,29.713,15,0.981963,0.981956,0.981971,15
650,6.72284,6.69094,6.75474,15,65.5067,65.2848,65.7285,15,65.3325,65.1001,65.5649,15,0.174167,0.158419,0.189914,15,27.8667,25.3471,30.3862,15,0.981957,0.981948,0.981966,15
660,6.8834,6.84941,6.91739,15,65.4529,65.2612,65.6446,15,65.265,65.0645,65.4655,15,0.187917,0.168836,0.206998,15,30.0667,27.0137,33.1196,15,0.981953,0.981943,0.981963,15
670,7.01768,6.96647,7.06889,15,65.5763,65.2775,65.875,15,65.3738,65.0691,65.6784,15,0.2025,0.183591,0.221409,15,32.4,29.3746,35.4254,15,0.981958,0.981948,0.981968,15
680,7.17553,7.12792,7.22314,15,65.5221,65.2406,65.8036,15,65.3121,65.0223,65.6019,15,0.21,0.193089,0.226911,15,33.6,30.8942,36.3058,15,0.981947,0.981938,0.981957,15
690,7.31764,7.27227,7.363,15,65.5462,65.2828,65.8097,15,65.3229,65.0571,65.5887,15,0.223333,0.206468,0.240199,15,35.7333,33.0348,38.4318,15,0.981955,0.981946,0.981965,15
700,7.45825,7.41697,7.49953,15,65.5842,65.3114,65.8569,15,65.3592,65.0766,65.6417,15,0.225,0.208672,0.241328,15,36,33.3876,38.6124,15,0.981946,0.981936,0.981956,15
710,7.63507,7.58183,7.6883,15,65.5121,65.1832,65.841,15,65.2812,64.9468,65.6157,15,0.230833,0.215137,0.246529,15,36.9333,34.422,39.4447,15,0.981951,0.981941,0.98196,15
720,7.76164,7.72176,7.80152,15,65.6754,65.4481,65.9027,15,65.4463,65.2104,65.6821,15,0.229167,0.210914,0.247419,15,36.6667,33.7463,39.587,15,0.981953,0.981945,0.981962,15
730,7.92297,7.87756,7.96839,15,65.6125,65.3106,65.9144,15,65.3513,65.0347,65.6678,15,0.26125,0.236537,0.285963,15,41.8,37.8459,45.7541,15,0.981957,0.981947,0.981968,15
740,8.09113,8.03765,8.14462,15,65.485,65.2009,65.7691,15,65.2037,64.906,65.5015,15,0.28125,0.260116,0.302384,15,45,41.6186,48.3814,15,0.981954,0.981942,0.981966,15
750,8.22822,8.15129,8.30515,15,65.6063,65.1869,66.0256,15,65.2996,64.8588,65.7404,15,0.306667,0.278788,0.334546,15,49.0667,44.606,53.5273,15,0.981957,0.981945,0.981969,15
760,8.40036,8.35745,8.44328,15,65.5408,65.3017,65.78,15,65.2375,64.9804,65.4946,15,0.303333,0.277486,0.32918,15,48.5333,44.3978,52.6689,15,0.981953,0.981945,0.981961,15
770,8.52758,8.48962,8.56553,15,65.6433,65.4306,65.8561,15,65.3329,65.1168,65.5491,15,0.310417,0.292548,0.328286,15,49.6667,46.8076,52.5257,15,0.981958,0.98195,0.981966,15
780,8.73735,8.70391,8.7708,15,65.3517,65.1379,65.5654,15,65.0329,64.7995,65.2663,15,0.31875,0.294065,0.343435,15,51,47.0504,54.9496,15,0.981946,0.981939,0.981953,15
790,8.83119,8.79036,8.87203,15,65.5637,65.3389,65.7886,15,65.2204,64.9856,65.4552,15,0.343333,0.32197,0.364697,15,54.9333,51.5151,58.3515,15,0.981954,0.981944,0.981964,15
800,8.99283,8.94971,9.03595,15,65.5588,65.3328,65.7847,15,65.2,64.9675,65.4325,15,0.35875,0.34547,0.37203,15,57.4,55.2753,59.5247,15,0.981959,0.981947,0.98197,15
810,9.15631,9.11464,9.19798,15,65.5221,65.3358,65.7083,15,65.1567,64.9631,65.3503,15,0.365417,0.348032,0.382801,15,58.4667,55.6852,61.2482,15,0.981955,0.981945,0.981965,15
820,9.32928,9.28856,9.37,15,65.4271,65.2064,65.6477,15,65.0404,64.8091,65.2717,15,0.386667,0.364367,0.408966,15,61.8667,58.2988,65.4346,15,0.981954,0.981944,0.981964,15
830,9.43866,9.37604,9.50129,15,65.6092,65.2983,65.92,15,65.2158,64.9007,65.531,15,0.393333,0.377382,0.409285,15,62.9333,60.3811,65.4855,15,0.981958,0.981947,0.981969,15
840,9.6046,9.55443,9.65478,15,65.575,65.2983,65.8517,15,65.1442,64.8602,65.4281,15,0.430833,0.409416,0.452251,15,68.9333,65.5065,72.3602,15,0.981958,0.98195,0.981966,15
850,9.76368,9.70022,9.82715,15,65.5958,65.2851,65.9066,15,65.1517,64.8264,65.477,15,0.444167,0.424055,0.464278,15,71.0667,67.8488,74.2845,15,0.981954,0.981942,0.981966,15
860,9.90286,9.84824,9.95749,15,65.6071,65.3137,65.9005,15,65.1254,64.8172,65.4336,15,0.481667,0.4569,0.506433,15,77.0667,73.1041,81.0293,15,0.981957,0.981945,0.981968,15
870,10.0718,10.0182,10.1255,15,65.5867,65.3403,65.833,15,65.0983,64.8316,65.365,15,0.488333,0.457405,0.519262,15,78.1333,73.1847,83.0819,15,0.981953,0.981942,0.981963,15
880,10.1826,10.125,10.2401,15,65.7,65.4341,65.9659,15,65.2042,64.9274,65.4809,15,0.495833,0.477486,0.51418,15,79.3333,76.3978,82.2689,15,0.981957,0.98195,0.981963,15
890,10.3376,10.2852,10.39,15,65.67,65.4309,65.9091,15,65.1471,64.8865,65.4077,15,0.522917,0.48895,0.556883,15,83.6667,78.2321,89.1013,15,0.981957,0.981946,0.981968,15
900,10.5467,10.509,10.5845,15,65.4508,65.2786,65.6231,15,64.9008,64.7074,65.0943,15,0.55,0.520248,0.579752,15,88,83.2397,92.7603,15,0.981948,0.98194,0.981956,15
910,10.6425,10.5743,10.7108,15,65.7342,65.4159,66.0525,15,65.1683,64.8397,65.4969,15,0.565833,0.540121,0.591546,15,90.5333,86.4193,94.6474,15,0.981959,0.981948,0.981971,15
920,10.827,10.7891,10.8649,15,65.5004,65.336,65.6648,15,64.8883,64.7096,65.0671,15,0.612083,0.589384,0.634783,15,97.9333,94.3014,101.565,15,0.981947,0.98194,0.981955,15
930,10.962,10.9086,11.0154,15,65.57,65.3255,65.8145,15,64.9475,64.6831,65.2119,15,0.6225,0.588804,0.656196,15,99.6,94.2087,104.991,15,0.981957,0.981946,0.981967,15
940,11.0926,11.0185,11.1667,15,65.7175,65.333,66.102,15,65.0596,64.6517,65.4674,15,0.657917,0.630708,0.685125,15,105.267,100.913,109.62,15,0.981963,0.981953,0.981972,15
950,11.3056,11.2457,11.3656,15,65.4113,65.1746,65.6479,15,64.6975,64.4316,64.9634,15,0.71375,0.678003,0.749497,15,114.2,108.481,119.919,15,0.981947,0.981939,0.981955,15
960,11.4581,11.4171,11.4991,15,65.4908,65.3267,65.655,15,64.7446,64.5656,64.9236,15,0.74625,0.716174,0.776326,15,119.4,114.588,124.212,15,0.981947,0.981939,0.981956,15
970,11.5843,11.5403,11.6283,15,65.6196,65.4202,65.819,15,64.8671,64.6488,65.0854,15,0.7525,0.723083,0.781917,15,120.4,115.693,125.107,15,0.981949,0.981942,0.981957,15
980,11.7062,11.6379,11.7744,15,65.6746,65.3937,65.9555,15,64.9258,64.6209,65.2308,15,0.74875,0.71377,0.78373,15,119.8,114.203,125.397,15,0.981958,0.981948,0.981968,15
990,11.9241,11.8681,11.9802,15,65.4325,65.1722,65.6928,15,64.5983,64.3083,64.8884,15,0.834167,0.792994,0.87534,15,133.467,126.879,140.054,15,0.981957,0.981948,0.981966,15
1000,12.0315,11.9736,12.0894,15,65.5671,65.3261,65.808,15,64.7342,64.449,65.0193,15,0.832917,0.782454,0.883379,15,133.267,125.193,141.341,15,0.981953,0.981942,0.981964,15
1010,12.2117,12.1341,12.2892,15,65.4967,65.1783,65.815,15,64.6163,64.2667,64.9658,15,0.880417,0.840772,0.920062,15,140.867,134.523,147.21,15,0.981955,0.981948,0.981962,15
1020,12.4079,12.3304,12.4854,15,65.3108,65.0128,65.6089,15,64.3575,64.0247,64.6903,15,0.953333,0.910904,0.995763,15,152.533,145.745,159.322,15,0.981945,0.981937,0.981954,15
1030,12.4345,12.3781,12.4909,15,65.9025,65.7143,66.0907,15,64.9683,64.7556,65.181,15,0.934167,0.901958,0.966375,15,149.467,144.313,154.62,15,0.981957,0.981949,0.981965,15
1040,12.6206,12.5455,12.6958,15,65.6579,65.3406,65.9752,15,64.6796,64.335,65.0242,15,0.978333,0.940141,1.01653,15,156.533,150.423,162.644,15,0.981958,0.981945,0.981971,15
1050,12.7772,12.695,12.8593,15,65.6275,65.3167,65.9383,15,64.5817,64.233,64.9303,15,1.04583,1.00265,1.08901,15,167.333,160.424,174.242,15,0.981961,0.981948,0.981973,15
1060,12.9811,12.9138,13.0485,15,65.4246,65.1581,65.6911,15,64.3012,64.0089,64.5936,15,1.12333,1.08747,1.1592,15,179.733,173.995,185.472,15,0.981954,0.981944,0.981964,15
1070,13.1247,13.0623,13.1871,15,65.4213,65.1727,65.6698,15,64.2604,63.9768,64.544,15,1.16083,1.11235,1.20931,15,185.733,177.977,193.49,15,0.981953,0.981946,0.981961,15
1080,13.167,13.0914,13.2427,15,65.9121,65.6187,66.2055,15,64.755,64.4223,65.0877,15,1.15708,1.09662,1.21755,15,185.133,175.459,194.808,15,0.981957,0.981946,0.981968,15
1090,13.419,13.3536,13.4844,15,65.4904,65.2641,65.7167,15,64.2187,63.9598,64.4777,15,1.27167,1.23256,1.31077,15,203.467,197.21,209.723,15,0.981956,0.981947,0.981965,15
1100,13.5717,13.5202,13.6232,15,65.5075,65.2807,65.7343,15,64.1692,63.9201,64.4182,15,1.33833,1.31043,1.36624,15,214.133,209.668,218.599,15,0.981953,0.981945,0.981961,15
1110,13.7261,13.6707,13.7815,15,65.4938,65.3,65.6875,15,64.1162,63.9018,64.3307,15,1.3775,1.34207,1.41293,15,220.4,214.731,226.069,15,0.981953,0.981944,0.981961,15
1120,13.9008,13.842,13.9596,15,65.3338,65.0936,65.5739,15,63.8675,63.5791,64.1559,15,1.46625,1.41132,1.52118,15,234.6,225.811,243.389,15,0.981955,0.98195,0.981961,15
1130,13.9787,13.905,14.0525,15,65.6625,65.3698,65.9552,15,64.1767,63.8454,64.5079,15,1.48583,1.43618,1.53549,15,237.733,229.788,245.678,15,0.981959,0.981948,0.981969,15
1140,14.1606,14.0928,14.2284,15,65.5312,65.2892,65.7733,15,64.0121,63.7291,64.2951,15,1.51917,1.47015,1.56818,15,243.067,235.225,250.909,15,0.981958,0.98195,0.981966,15
1150,14.3285,14.2497,14.4073,15,65.4654,65.1598,65.771,15,63.8467,63.513,64.1804,15,1.61875,1.58335,1.65415,15,259,253.336,264.664,15,0.981952,0.981941,0.981963,15
1160,14.4785,14.4004,14.5565,15,65.4954,65.1851,65.8057,15,63.8054,63.4253,64.1855,15,1.69,1.61145,1.76855,15,270.4,257.831,282.969,15,0.981953,0.981943,0.981963,15
1170,14.5874,14.5317,14.6432,15,65.6429,65.4597,65.8261,15,63.9096,63.6912,64.1279,15,1.73333,1.68543,1.78124,15,277.333,269.668,284.999,15,0.981957,0.981949,0.981966,15
1180,14.7621,14.6936,14.8306,15,65.565,65.3048,65.8252,15,63.6796,63.3937,63.9655,15,1.88542,1.82925,1.94159,15,301.667,292.68,310.654,15,0.981955,0.981947,0.981964,15
1190,14.8877,14.816,14.9593,15,65.6271,65.3713,65.8828,15,63.7175,63.4067,64.0283,15,1.90958,1.84342,1.97574,15,305.533,294.948,316.119,15,0.981951,0.98194,0.981963,15
1200,14.9995,14.924,15.0749,15,65.7571,65.4804,66.0338,15,63.83,63.4892,64.1708,15,1.92708,1.85723,1.99693,15,308.333,297.157,319.509,15,0.981958,0.981949,0.981967,15
1210,15.2513,15.1608,15.3418,15,65.4158,65.1174,65.7143,15,63.2958,62.9131,63.6785,15,2.12,2.0295,2.2105,15,339.2,324.72,353.68,15,0.981945,0.981937,0.981954,15
1220,15.4231,15.3551,15.491,15,65.3379,65.1119,65.564,15,63.1138,62.8226,63.4049,15,2.22417,2.14921,2.29913,15,355.867,343.873,367.86,15,0.981947,0.981939,0.981954,15
1230,15.4834,15.409,15.5578,15,65.6871,65.4416,65.9326,15,63.4258,63.1206,63.731,15,2.26125,2.18966,2.33284,15,361.8,350.346,373.254,15,0.981957,0.981951,0.981963,15
1240,15.722,15.6306,15.8133,15,65.3575,65.0341,65.6809,15,62.9583,62.5653,63.3514,15,2.39917,2.31901,2.47933,15,383.867,371.041,396.692,15,0.98195,0.981937,0.981963,15
1250,15.804,15.7215,15.8865,15,65.5763,65.2741,65.8784,15,63.1183,62.7447,63.492,15,2.45792,2.37576,2.54007,15,393.267,380.122,406.412,15,0.981956,0.981947,0.981965,15
1260,16.0023,15.9242,16.0805,15,65.3771,65.1004,65.6538,15,62.755,62.417,63.093,15,2.62208,2.55008,2.69408,15,419.533,408.013,431.053,15,0.981945,0.981936,0.981954,15
1270,16.078,16.0042,16.1518,15,65.6279,65.4008,65.855,15,62.9542,62.6487,63.2596,15,2.67375,2.58666,2.76084,15,427.8,413.866,441.734,15,0.981952,0.981943,0.981961,15
1280,16.248,16.1851,16.3108,15,65.5854,65.3681,65.8027,15,62.8646,62.6042,63.1249,15,2.72083,2.66057,2.7811,15,435.333,425.691,444.975,15,0.981959,0.981948,0.98197,15
1290,16.4136,16.3617,16.4656,15,65.5267,65.3734,65.6799,15,62.5883,62.3847,62.792,15,2.93833,2.86761,3.00906,15,470.133,458.818,481.449,15,0.981959,0.981951,0.981968,15
1300,16.6218,16.552,16.6917,15,65.4262,65.204,65.6485,15,62.3396,62.0399,62.6392,15,3.08667,2.99824,3.1751,15,493.867,479.718,508.016,15,0.981953,0.981944,0.981961,15
1310,16.6483,16.5708,16.7258,15,65.6513,65.421,65.8815,15,62.5562,62.2477,62.8648,15,3.095,3.00178,3.18822,15,495.2,480.285,510.115,15,0.981958,0.98195,0.981966,15
1320,16.865,16.7897,16.9404,15,65.4996,65.2571,65.7421,15,62.1771,61.8462,62.5079,15,3.3225,3.22531,3.41969,15,531.6,516.049,547.151,15,0.981957,0.98195,0.981965,15
1330,16.9584,16.8716,17.0451,15,65.6708,65.4111,65.9305,15,62.2446,61.872,62.6172,15,3.42625,3.29986,3.55264,15,548.2,527.978,568.422,15,0.981961,0.981951,0.98197,15
1340,17.204,17.1143,17.2937,15,65.3475,65.0602,65.6348,15,61.7175,61.3202,62.1148,15,3.63,3.5088,3.7512,15,580.8,561.408,600.192,15,0.981953,0.981942,0.981965,15
1350,17.3556,17.2816,17.4297,15,65.3546,65.0947,65.6145,15,61.565,61.1932,61.9368,15,3.78958,3.6629,3.91627,15,606.333,586.063,626.603,15,0.981949,0.981939,0.981958,15
1360,17.4367,17.3679,17.5054,15,65.6021,65.3888,65.8154,15,61.7308,61.4234,62.0383,15,3.87125,3.76797,3.97453,15,619.4,602.876,635.924,15,0.981963,0.981953,0.981973,15
1370,17.6363,17.5397,17.7329,15,65.4196,65.0983,65.7409,15,61.3279,60.8663,61.7896,15,4.09167,3.94457,4.23876,15,654.667,631.131,678.202,15,0.981957,0.981948,0.981966,15
1380,17.7025,17.5885,17.8166,15,65.6525,65.3016,66.0034,15,61.4071,60.9097,61.9045,15,4.24542,4.09201,4.39882,15,679.267,654.722,703.811,15,0.981957,0.981947,0.981966,15
1390,17.897,17.8279,17.9661,15,65.4363,65.1992,65.6733,15,61.0229,60.6788,61.3671,15,4.41333,4.29521,4.53146,15,706.133,687.233,725.034,15,0.981949,0.981939,0.98196,15
1400,18.0251,17.9481,18.1022,15,65.5892,65.3352,65.8432,15,60.9825,60.6031,61.3619,15,4.60667,4.46367,4.74966,15,737.067,714.187,759.946,15,0.981964,0.981955,0.981973,15
1410,18.1242,18.0457,18.2027,15,65.7279,65.5146,65.9413,15,61.0342,60.6823,61.3861,15,4.69375,4.54902,4.83848,15,751,727.843,774.157,15,0.981965,0.981957,0.981972,15
1420,18.3529,18.2678,18.4379,15,65.4133,65.1686,65.6581,15,60.3446,59.9603,60.7289,15,5.06875,4.91946,5.21804,15,811,787.113,834.887,15,0.981953,0.981945,0.981961,15
1430,18.463,18.3449,18.5812,15,65.6063,65.2337,65.9788,15,60.3762,59.8191,60.9334,15,5.23,5.0384,5.4216,15,836.8,806.144,867.456,15,0.981957,0.981948,0.981966,15
1440,18.6118,18.5209,18.7027,15,65.6562,65.3537,65.9588,15,60.1896,59.7061,60.673,15,5.46667,5.27681,5.65652,15,874.667,844.29,905.043,15,0.981959,0.981946,0.981971,15
1450,18.8299,18.7259,18.9339,15,65.3904,65.0843,65.6965,15,59.5833,59.0976,60.069,15,5.80708,5.62106,5.99311,15,929.133,899.369,958.897,15,0.981951,0.981937,0.981964,15
1460,18.8381,18.7398,18.9364,15,65.7825,65.5098,66.0552,15,59.9817,59.5225,60.4408,15,5.80083,5.60852,5.99314,15,928.133,897.364,958.903,15,0.981961,0.981952,0.981971,15
1470,19.066,18.9747,19.1573,15,65.5292,65.2606,65.7977,15,59.3183,58.8707,59.766,15,6.21083,6.02221,6.39945,15,993.733,963.554,1023.91,15,0.981949,0.981939,0.981959,15
1480,19.2138,19.1209,19.3068,15,65.5167,65.218,65.8153,15,59.0196,58.5289,59.5103,15,6.49708,6.29598,6.69819,15,1039.53,1007.36,1071.71,15,0.981953,0.981945,0.981962,15
1490,19.4222,19.3137,19.5308,15,65.3388,65.0448,65.6327,15,58.3987,57.8724,58.9251,15,6.94,6.69996,7.18004,15,1110.4,1071.99,1148.81,15,0.981949,0.98194,0.981957,15
1500,19.5398,19.435,19.6446,15,65.4396,65.1012,65.778,15,58.2863,57.697,58.8755,15,7.15333,6.88533,7.42134,15,1144.53,1101.65,1187.41,15,0.981953,0.981942,0.981965,15
1510,19.64,19.5641,19.7159,15,65.5842,65.3671,65.8012,15,58.1829,57.8073,58.5585,15,7.40125,7.23484,7.56766,15,1184.2,1157.57,1210.83,15,0.981955,0.981943,0.981966,15
1520,19.792,19.6748,19.9092,15,65.5583,65.2425,65.8742,15,57.7912,57.2477,58.3348,15,7.76708,7.52326,8.01091,15,1242.73,1203.72,1281.75,15,0.981953,0.981943,0.981964,15
1530,19.9069,19.8139,19.9999,15,65.6742,65.4186,65.9297,15,57.7463,57.2724,58.2201,15,7.92792,7.69965,8.15618,15,1268.47,1231.94,1304.99,15,0.981953,0.981944,0.981963,15
1540,20.1035,20.007,20.2,15,65.4633,65.1927,65.734,15,57.0592,56.5333,57.5851,15,8.40417,8.12856,8.67978,15,1344.67,1300.57,1388.76,15,0.981961,0.981952,0.98197,15
1550,20.2409,20.1534,20.3284,15,65.5679,65.331,65.8048,15,56.7971,56.3387,57.2555,15,8.77083,8.52879,9.01287,15,1403.33,1364.61,1442.06,15,0.981957,0.981947,0.981966,15
1560,20.358,20.2452,20.4709,15,65.5975,65.3152,65.8798,15,56.5029,55.9013,57.1046,15,9.09458,8.76704,9.42212,15,1455.13,1402.73,1507.54,15,0.981957,0.981946,0.981968,15
1570,20.509,20.4265,20.5915,15,65.5733,65.3064,65.8403,15,56.1138,55.6546,56.5729,15,9.45958,9.25267,9.66649,15,1513.53,1480.43,1546.64,15,0.981954,0.981946,0.981962,15
1580,20.6176,20.5404,20.6948,15,65.7008,65.5094,65.8923,15,55.9621,55.5366,56.3876,15,9.73875,9.49328,9.98422,15,1558.2,1518.92,1597.48,15,0.981961,0.981954,0.981967,15
1590,20.7766,20.6175,20.9357,15,65.62,65.1882,66.0518,15,55.3208,54.4274,56.2143,15,10.2992,9.82916,10.7692,15,1647.87,1572.67,1723.07,15,0.981958,0.981947,0.981969,15
1600,21.0017,20.8906,21.1129,15,65.4529,65.15,65.7559,15,54.485,53.824,55.146,15,10.9679,10.6009,11.3349,15,1754.87,1696.15,1813.58,15,0.981951,0.981939,0.981963,15
1610,21.0624,20.9491,21.1757,15,65.6704,65.3509,65.9899,15,54.5604,53.8903,55.2306,15,11.11,10.7482,11.4718,15,1777.6,1719.71,1835.49,15,0.981957,0.98195,0.981965,15
1620,21.274,21.1606,21.3875,15,65.4525,65.1579,65.7471,15,53.6033,52.9363,54.2703,15,11.8492,11.4664,12.2319,15,1895.87,1834.63,1957.11,15,0.981955,0.981944,0.981966,15
1630,21.3586,21.2489,21.4683,15,65.5942,65.3163,65.872,15,53.4596,52.8223,54.0969,15,12.1346,11.7654,12.5038,15,1941.53,1882.46,2000.61,15,0.981959,0.98195,0.981967,15
1640,21.553,21.4451,21.6609,15,65.4925,65.1899,65.7951,15,52.6608,51.9987,53.323,15,12.8317,12.4547,13.2086,15,2053.07,1992.75,2113.38,15,0.981947,0.981937,0.981958,15
1650,21.6089,21.4678,21.7499,15,65.6892,65.3056,66.0727,15,52.5258,51.6178,53.4339,15,13.1633,12.6285,13.6982,15,2106.13,2020.56,2191.71,15,0.981962,0.981953,0.981971,15
1660,21.8081,21.6919,21.9243,15,65.5667,65.2541,65.8793,15,51.7004,50.9562,52.4447,15,13.8663,13.4262,14.3063,15,2218.6,2148.19,2289.01,15,0.981955,0.981946,0.981963,15
1670,21.9888,21.8996,22.0781,15,65.4375,65.2037,65.6713,15,50.7704,50.1702,51.3706,15,14.6671,14.2845,15.0497,15,2346.73,2285.52,2407.95,15,0.981954,0.981943,0.981965,15
1680,22.1204,21.9962,22.2446,15,65.5875,65.2432,65.9318,15,50.3642,49.5042,51.2241,15,15.2233,14.6932,15.7535,15,2435.73,2350.9,2520.56,15,0.981955,0.981944,0.981966,15
1690,22.2176,22.1336,22.3015,15,65.6971,65.4687,65.9254,15,49.9996,49.4571,50.5421,15,15.6975,15.3727,16.0223,15,2511.6,2459.63,2563.57,15,0.981957,0.98195,0.981963,15
1700,22.4006,22.3033,22.4979,15,65.5563,65.2797,65.8328,15,49.0558,48.3414,49.7703,15,16.5004,16.0382,16.9627,15,2640.07,2566.11,2714.03,15,0.981955,0.981946,0.981963,15
1710,22.4827,22.3933,22.572,15,65.7271,65.5005,65.9537,15,48.77,48.1237,49.4163,15,16.9571,16.5248,17.3893,15,2713.13,2643.98,2782.29,15,0.981959,0.981951,0.981967,15
1720,22.6005,22.4898,22.7112,15,65.7833,65.5054,66.0613,15,48.2821,47.5003,49.0639,15,17.5013,16.981,18.0215,15,2800.2,2716.96,2883.44,15,0.981961,0.981952,0.981969,15
1730,22.8431,22.7565,22.9296,15,65.5287,65.3309,65.7266,15,46.7979,46.2039,47.392,15,18.7308,18.3223,19.1394,15,2996.93,2931.57,3062.3,15,0.981955,0.981947,0.981962,15
1740,22.9057,22.7791,23.0323,15,65.7183,65.425,66.0117,15,46.4679,45.5469,47.3889,15,19.2504,18.6113,19.8896,15,3080.07,2977.8,3182.33,15,0.981959,0.98195,0.981968,15
1750,23.0339,22.9451,23.1227,15,65.8758,65.6393,66.1124,15,45.8717,45.2599,46.4834,15,20.0042,19.6203,20.388,15,3200.67,3139.25,3262.08,15,0.981965,0.981952,0.981977,15
1760,23.2688,23.1528,23.3847,15,65.4833,65.2119,65.7547,15,44.3775,43.5136,45.2414,15,21.1058,20.4974,21.7143,15,3376.93,3279.58,3474.29,15,0.981954,0.98194,0.981968,15
1770,23.3635,23.2581,23.4689,15,65.6321,65.3756,65.8886,15,43.9454,43.1818,44.7091,15,21.6867,21.1677,22.2057,15,3469.87,3386.82,3552.91,15,0.981963,0.981954,0.981972,15
1780,23.4663,23.3516,23.581,15,65.7254,65.4593,65.9915,15,43.3204,42.5077,44.1331,15,22.405,21.8393,22.9707,15,3584.8,3494.29,3675.31,15,0.981957,0.981948,0.981966,15
1790,23.6814,23.588,23.7747,15,65.5721,65.3162,65.828,15,42.0658,41.3514,42.7803,15,23.5063,23.0333,23.9792,15,3761,3685.32,3836.68,15,0.981955,0.981944,0.981966,15
1800,23.8788,23.7688,23.9889,15,65.4746,65.218,65.7312,15,40.6917,39.8455,41.5378,15,24.7829,24.183,25.3828,15,3965.27,3869.28,4061.25,15,0.981955,0.981948,0.981963,15
1810,23.9124,23.8032,24.0215,15,65.6729,65.4176,65.9282,15,40.4992,39.7033,41.295,15,25.1737,24.6293,25.7182,15,4027.8,3940.68,4114.92,15,0.981958,0.981949,0.981967,15
1820,24.1004,23.9971,24.2037,15,65.5546,65.3474,65.7618,15,39.395,38.6296,40.1604,15,26.1596,25.5861,26.7331,15,4185.53,4093.77,4277.3,15,0.981954,0.981944,0.981964,15
1830,24.2736,24.1871,24.3601,15,65.475,65.2782,65.6718,15,38.2762,37.6518,38.9007,15,27.1988,26.7595,27.638,15,4351.8,4281.52,4422.08,15,0.981955,0.981947,0.981964,15
1840,24.3701,24.2391,24.501,15,65.6029,65.3383,65.8676,15,37.9754,37.1441,38.8068,15,27.6275,27.0527,28.2023,15,4420.4,4328.43,4512.37,15,0.981959,0.981948,0.98197,15
1850,24.5114,24.4171,24.6057,15,65.6763,65.4226,65.9299,15,37.1108,36.4117,37.8099,15,28.5654,28.1002,29.0307,15,4570.47,4496.03,4644.91,15,0.981963,0.981957,0.981969,15
1860,24.6881,24.5744,24.8017,15,65.5171,65.2537,65.7805,15,35.9471,35.1294,36.7648,15,29.57,29.001,30.139,15,4731.2,4640.17,4822.23,15,0.981951,0.981942,0.981959,15
1870,24.7829,24.6366,24.9291,15,65.6396,65.3339,65.9452,15,35.4333,34.4271,36.4395,15,30.2063,29.4934,30.9191,15,4833,4718.94,4947.06,15,0.981957,0.981948,0.981967,15
1880,24.9605,24.8505,25.0706,15,65.5721,65.2983,65.8459,15,34.2842,33.5019,35.0665,15,31.2879,30.7656,31.8102,15,5006.07,4922.5,5089.63,15,0.981952,0.981942,0.981962,15
1890,25.087,25.0099,25.1642,15,65.5954,65.3859,65.8049,15,33.6162,33.0823,34.1502,15,31.9792,31.6364,32.322,15,5116.67,5061.82,5171.52,15,0.981952,0.981942,0.981962,15
1900,25.1195,25.029,25.2099,15,65.875,65.648,66.102,15,33.5488,32.8648,34.2327,15,32.3263,31.8637,32.7888,15,5172.2,5098.2,5246.2,15,0.981961,0.981951,0.98197,15
1910,25.2867,25.1718,25.4015,15,65.7471,65.489,66.0052,15,32.5379,31.7785,33.2973,15,33.2092,32.692,33.7264,15,5313.47,5230.71,5396.22,15,0.981957,0.981949,0.981964,15
1920,25.5533,25.4362,25.6704,15,65.5133,65.2188,65.8079,15,30.8892,30.0891,31.6892,15,34.6242,34.0971,35.1513,15,5539.87,5455.53,5624.2,15,0.981948,0.98194,0.981956,15
1930,25.5996,25.4729,25.7263,15,65.7308,65.4268,66.0349,15,30.6508,29.7882,31.5134,15,35.08,34.5149,35.6451,15,5612.8,5522.38,5703.22,15,0.981959,0.98195,0.981968,15
1940,25.7557,25.6337,25.8777,15,65.66,65.3761,65.9439,15,29.7787,28.9505,30.607,15,35.8812,35.3272,36.4353,15,5741,5652.35,5829.65,15,0.981955,0.981951,0.98196,15
1950,25.9224,25.8047,26.04,15,65.6067,65.2959,65.9174,15,28.8304,27.9849,29.6759,15,36.7762,36.229,37.3235,15,5884.2,5796.63,5971.77,15,0.981953,0.981947,0.981959,15
1960,25.9831,25.8552,26.111,15,65.8663,65.5721,66.1604,15,28.5475,27.7064,29.3886,15,37.3188,36.7615,37.876,15,5971,5881.85,6060.15,15,0.981963,0.981955,0.981972,15
1970,26.2234,26.1065,26.3403,15,65.5125,65.2643,65.7607,15,27.1429,26.4353,27.8505,15,38.3696,37.8907,38.8484,15,6139.13,6062.52,6215.75,15,0.981953,0.981944,0.981961,15
1980,26.4681,26.376,26.5601,15,65.3692,65.1956,65.5427,15,25.6133,25.0901,26.1366,15,39.7558,39.377,40.1347,15,6360.93,6300.32,6421.55,15,0.981955,0.98195,0.981961,15
1990,26.3829,26.2688,26.4969,15,65.8196,65.5775,66.0617,15,26.4354,25.6799,27.1909,15,39.3842,38.8594,39.9089,15,6301.47,6217.51,6385.43,15,0.981956,0.981947,0.981965,15
2000,26.6873,26.5236,26.8509,15,65.5138,65.1529,65.8746,15,24.5625,23.5666,25.5584,15,40.9512,40.3041,41.5984,15,6552.2,6448.65,6655.75,15,0.981954,0.981941,0.981967,15
2010,26.7573,26.673,26.8417,15,65.6112,65.4429,65.7796,15,24.1971,23.698,24.6962,15,41.4142,41.0538,41.7745,15,6626.27,6568.61,6683.93,15,0.981959,0.981949,0.981969,15
2020,26.9442,26.8338,27.0546,15,65.5121,65.2731,65.751,15,23.1258,22.4987,23.7529,15,42.3863,41.9809,42.7916,15,6781.8,6716.95,6846.65,15,0.981951,0.981942,0.98196,15
2030,27.0834,26.9326,27.2343,15,65.5154,65.1793,65.8515,15,22.4362,21.5421,23.3304,15,43.0792,42.5032,43.6551,15,6892.67,6800.51,6984.82,15,0.981952,0.981942,0.981962,15
2040,27.1278,26.9939,27.2616,15,65.7342,65.4628,66.0055,15,22.2912,21.4991,23.0834,15,43.4429,42.9144,43.9715,15,6950.87,6866.3,7035.43,15,0.981953,0.981943,0.981964,15
2050,27.3546,27.2229,27.4863,15,65.5229,65.2143,65.8315,15,21.0267,20.2704,21.7829,15,44.4963,44.033,44.9595,15,7119.4,7045.28,7193.52,15,0.981953,0.981944,0.981962,15
2060,27.433,27.2829,27.5832,15,65.6767,65.3774,65.9759,15,20.5629,19.7109,21.4149,15,45.1138,44.5548,45.6727,15,7218.2,7128.76,7307.64,15,0.981956,0.981945,0.981967,15
2070,27.6464,27.4803,27.8124,15,65.5017,65.1383,65.865,15,19.4825,18.612,20.353,15,46.0192,45.4974,46.5409,15,7363.07,7279.59,7446.54,15,0.981958,0.981948,0.981968,15
2080,27.7966,27.6981,27.895,15,65.4942,65.2782,65.7102,15,18.8125,18.3144,19.3106,15,46.6817,46.3583,47.005,15,7469.07,7417.33,7520.8,15,0.981955,0.981946,0.981963,15
2090,27.8341,27.7494,27.9187,15,65.675,65.5122,65.8378,15,18.5004,18.0539,18.9469,15,47.1746,46.8704,47.4788,15,7547.93,7499.27,7596.6,15,0.981957,0.981949,0.981966,15
2100,28.0367,27.9443,28.1291,15,65.4858,65.2988,65.6729,15,17.5804,17.1001,18.0607,15,47.9054,47.5937,48.2171,15,7664.87,7615,7714.73,15,0.981949,0.981938,0.981959,15
2110,28.1109,27.9886,28.2332,15,65.7179,65.4472,65.9887,15,17.2033,16.5492,17.8575,15,48.5146,48.106,48.9232,15,7762.33,7696.96,7827.71,15,0.981953,0.981944,0.981963,15
2120,28.1575,28.0585,28.2564,15,65.9442,65.7384,66.15,15,17.1638,16.6984,17.6291,15,48.7804,48.4961,49.0647,15,7804.87,7759.38,7850.36,15,0.981965,0.981956,0.981974,15
2130,28.3314,28.2121,28.4508,15,65.8771,65.648,66.1062,15,16.3179,15.7856,16.8503,15,49.5592,49.2382,49.8802,15,7929.47,7878.1,7980.83,15,0.981958,0.981949,0.981967,15
2140,28.6809,28.5876,28.7743,15,65.3746,65.1727,65.5765,15,14.6204,14.138,15.1028,15,50.7542,50.4594,51.049,15,8120.67,8073.5,8167.83,15,0.981949,0.981942,0.981957,15
2150,28.6837,28.5733,28.7942,15,65.5821,65.3467,65.8175,15,14.6029,14.0718,15.134,15,50.9792,50.6589,51.2994,15,8156.67,8105.42,8207.91,15,0.981961,0.981954,0.981967,15
2160,28.8994,28.8056,28.9931,15,65.4821,65.2899,65.6743,15,13.6258,13.1831,14.0686,15,51.8563,51.5827,52.1298,15,8297,8253.23,8340.77,15,0.981953,0.981943,0.981964,15
2170,28.9724,28.8383,29.1065,15,65.565,65.3086,65.8214,15,13.3317,12.7534,13.9099,15,52.2333,51.8867,52.58,15,8357.33,8301.87,8412.79,15,0.981958,0.98195,0.981966,15
2180,29.0586,28.9289,29.1882,15,65.6942,65.4293,65.959,15,12.9463,12.3982,13.4943,15,52.7479,52.4418,53.054,15,8439.67,8390.69,8488.64,15,0.981963,0.981955,0.981971,15
2190,29.2871,29.1777,29.3964,15,65.5542,65.3193,65.7891,15,12.0467,11.6216,12.4717,15,53.5075,53.2811,53.7339,15,8561.2,8524.97,8597.43,15,0.981957,0.981947,0.981968,15
2200,29.4663,29.3071,29.6256,15,65.4246,65.0828,65.7663,15,11.4212,10.7782,12.0643,15,54.0033,53.6651,54.3416,15,8640.53,8586.41,8694.65,15,0.981953,0.981941,0.981964,15
2210,29.5815,29.4533,29.7098,15,65.4879,65.2283,65.7476,15,10.9408,10.5224,11.3593,15,54.5471,54.3616,54.7326,15,8727.53,8697.86,8757.21,15,0.981952,0.981944,0.98196,15
2220,29.6949,29.5847,29.8051,15,65.4933,65.2967,65.69,15,10.5392,10.1299,10.9485,15,54.9542,54.7268,55.1815,15,8792.67,8756.3,8829.04,15,0.981953,0.981944,0.981963,15
2230,29.7777,29.6219,29.9336,15,65.6167,65.2797,65.9537,15,10.1492,9.58024,10.7181,15,55.4675,55.2173,55.7177,15,8874.8,8834.76,8914.84,15,0.981955,0.981945,0.981966,15
2240,29.8562,29.6833,30.0291,15,65.7525,65.4015,66.1035,15,9.96708,9.38282,10.5513,15,55.7854,55.5337,56.0371,15,8925.67,8885.39,8965.94,15,0.981961,0.98195,0.981971,15
2250,30.1543,30.0454,30.2633,15,65.4175,65.2201,65.6149,15,8.89667,8.54029,9.25304,15,56.5208,56.3456,56.6961,15,9043.33,9015.29,9071.38,15,0.981945,0.981936,0.981955,15
2260,30.1768,29.9942,30.3594,15,65.6017,65.2461,65.9572,15,8.88167,8.35743,9.4059,15,56.72,56.5244,56.9156,15,9075.2,9043.9,9106.5,15,0.981953,0.981943,0.981964,15
2270,30.4152,30.3153,30.5152,15,65.4283,65.2482,65.6085,15,8.1225,7.84017,8.40483,15,57.3058,57.17,57.4417,15,9168.93,9147.2,9190.67,15,0.98195,0.981943,0.981957,15
2280,30.5657,30.4358,30.6956,15,65.4996,65.2563,65.7429,15,7.76583,7.45132,8.08035,15,57.7337,57.6417,57.8258,15,9237.4,9222.68,9252.12,15,0.981945,0.981936,0.981953,15
2290,30.7192,30.5565,30.8819,15,65.3263,65.0026,65.6499,15,7.28625,6.89958,7.67292,15,58.04,57.9095,58.1705,15,9286.4,9265.53,9307.27,15,0.981951,0.981945,0.981956,15
2300,30.7666,30.6495,30.8837,15,65.6117,65.3678,65.8556,15,7.25458,6.9855,7.52367,15,58.3571,58.2196,58.4946,15,9337.13,9315.13,9359.13,15,0.981961,0.981951,0.981971,15
2310,30.9041,30.7784,31.0297,15,65.4929,65.2514,65.7344,15,6.94042,6.63433,7.24651,15,58.5525,58.4123,58.6927,15,9368.4,9345.97,9390.83,15,0.981954,0.981945,0.981963,15
2320,30.9787,30.7787,31.1787,15,65.7008,65.3246,66.0771,15,6.78,6.35159,7.20841,15,58.9208,58.7722,59.0694,15,9427.33,9403.56,9451.11,15,0.981957,0.981944,0.98197,15
2330,31.1446,31.0165,31.2727,15,65.6067,65.3382,65.8752,15,6.43083,6.17677,6.68489,15,59.1758,59.0895,59.2621,15,9468.13,9454.33,9481.94,15,0.981955,0.981947,0.981964,15
2340,31.2232,31.1033,31.343,15,65.6325,65.3697,65.8953,15,6.25083,6.0204,6.48127,15,59.3817,59.2455,59.5178,15,9501.07,9479.29,9522.85,15,0.981953,0.981946,0.981961,15
2350,31.4845,31.3234,31.6456,15,65.4617,65.1697,65.7536,15,5.78167,5.57272,5.99061,15,59.68,59.5253,59.8347,15,9548.8,9524.04,9573.56,15,0.98195,0.981943,0.981957,15
2360,31.4949,31.3489,31.6409,15,65.7288,65.4469,66.0106,15,5.83167,5.5841,6.07924,15,59.8971,59.8215,59.9726,15,9583.53,9571.45,9595.62,15,0.981948,0.981939,0.981957,15
2370,31.6106,31.5117,31.7095,15,65.7225,65.5106,65.9344,15,5.61458,5.49264,5.73653,15,60.1079,59.9487,60.2671,15,9617.27,9591.79,9642.74,15,0.981956,0.981947,0.981965,15
2380,31.8303,31.6991,31.9615,15,65.52,65.2802,65.7598,15,5.34583,5.14689,5.54477,15,60.1742,60.0414,60.3069,15,9627.87,9606.63,9649.1,15,0.981951,0.981945,0.981958,15
2390,31.8932,31.7819,32.0045,15,65.7317,65.5076,65.9557,15,5.31542,5.21094,5.41989,15,60.4162,60.2387,60.5938,15,9666.6,9638.18,9695.02,15,0.981953,0.981946,0.98196,15
2400,32.0212,31.8979,32.1445,15,65.6137,65.3757,65.8518,15,5.31042,5.18666,5.43418,15,60.3033,60.1519,60.4548,15,9648.53,9624.31,9672.76,15,0.981953,0.981946,0.981961,15
2410,32.2547,32.1029,32.4065,15,65.5683,65.3102,65.8264,15,5.09,4.96415,5.21585,15,60.4783,60.3088,60.6478,15,9676.53,9649.42,9703.65,15,0.981953,0.981948,0.981957,15
2420,32.344,32.1819,32.506,15,65.6567,65.3801,65.9332,15,4.96417,4.88859,5.03975,15,60.6925,60.4509,60.9341,15,9710.8,9672.14,9749.46,15,0.981957,0.981947,0.981968,15
2430,32.5818,32.481,32.6827,15,65.4004,65.2094,65.5915,15,4.94542,4.88372,5.00712,15,60.455,60.287,60.623,15,9672.8,9645.92,9699.68,15,0.981948,0.98194,0.981956,15
2440,32.7175,32.6117,32.8233,15,65.4029,65.2236,65.5822,15,4.91542,4.82947,5.00137,15,60.4875,60.3335,60.6415,15,9678,9653.36,9702.64,15,0.981955,0.981945,0.981964,15
2450,32.8173,32.6716,32.9629,15,65.4437,65.1726,65.7149,15,4.95875,4.89655,5.02095,15,60.485,60.2224,60.7476,15,9677.6,9635.59,9719.61,15,0.981953,0.981942,0.981965,15
2460,32.9597,32.8163,33.1032,15,65.4538,65.1877,65.7198,15,4.89625,4.82803,4.96447,15,60.5575,60.2964,60.8186,15,9689.2,9647.43,9730.97,15,0.981956,0.981946,0.981966,15
2470,32.9266,32.7583,33.095,15,65.7483,65.4151,66.0816,15,4.94375,4.84607,5.04143,15,60.8046,60.5114,61.0978,15,9728.73,9681.82,9775.65,15,0.981956,0.981944,0.981968,15
2480,33.1906,33.0707,33.3106,15,65.5104,65.2888,65.732,15,4.83667,4.74202,4.93131,15,60.6738,60.441,60.9065,15,9707.8,9670.55,9745.05,15,0.981947,0.981938,0.981955,15
2490,33.1928,33.0429,33.3427,15,65.7913,65.5314,66.0511,15,4.88792,4.8002,4.97563,15,60.9033,60.6516,61.1551,15,9744.53,9704.26,9784.81,15,0.981962,0.981955,0.981969,15
2500,33.5469,33.4298,33.664,15,65.2846,65.1059,65.4633,15,4.93333,4.84248,5.02419,15,60.3512,60.1597,60.5428,15,9656.2,9625.56,9686.84,15,0.981943,0.981936,0.981951,15
2510,33.491,33.3635,33.6185,15,65.7333,65.5062,65.9604,15,4.82375,4.75006,4.89744,15,60.9096,60.6888,61.1303,15,9745.53,9710.21,9780.85,15,0.981951,0.981942,0.981959,15
2520,33.6689,33.5079,33.8299,15,65.6604,65.3861,65.9347,15,4.80875,4.75401,4.86349,15,60.8517,60.5927,61.1106,15,9736.27,9694.84,9777.7,15,0.981959,0.981947,0.98197,15
2530,33.7739,33.6094,33.9385,15,65.7262,65.4338,66.0187,15,4.82833,4.73753,4.91914,15,60.8979,60.6236,61.1722,15,9743.67,9699.78,9787.55,15,0.981954,0.981945,0.981963,15
2540,33.9159,33.8528,33.9791,15,65.6371,65.5231,65.7511,15,4.81542,4.75178,4.87905,15,60.8217,60.6646,60.9787,15,9731.47,9706.34,9756.59,15,0.981959,0.981951,0.981967,15
2550,34.2304,34.1051,34.3556,15,65.3008,65.0908,65.5109,15,4.82042,4.73369,4.90714,15,60.4804,60.2814,60.6794,15,9676.87,9645.03,9708.71,15,0.98195,0.981941,0.981959,15
2560,34.2645,34.1314,34.3977,15,65.5437,65.3055,65.782,15,4.77083,4.71177,4.8299,15,60.7729,60.5525,60.9934,15,9723.67,9688.4,9758.94,15,0.981955,0.981946,0.981965,15
2570,34.387,34.2072,34.5668,15,65.4692,65.1656,65.7728,15,4.85333,4.75484,4.95183,15,60.6158,60.3067,60.9249,15,9698.53,9649.08,9747.99,15,0.981949,0.981934,0.981964,15
2580,34.514,34.3622,34.6658,15,65.525,65.2857,65.7643,15,4.75917,4.6995,4.81883,15,60.7658,60.5158,61.0158,15,9722.53,9682.53,9762.53,15,0.981955,0.981942,0.981968,15
2590,34.6414,34.5093,34.7735,15,65.5275,65.2691,65.7859,15,4.82583,4.74346,4.90821,15,60.7017,60.4462,60.9571,15,9712.27,9671.4,9753.13,15,0.981945,0.981938,0.981952,15
2600,34.6445,34.5096,34.7794,15,65.7713,65.4794,66.0631,15,4.84667,4.79341,4.89993,15,60.9246,60.617,61.2322,15,9747.93,9698.71,9797.15,15,0.981959,0.981951,0.981967,15
2610,34.8389,34.7158,34.9619,15,65.6471,65.4202,65.8739,15,4.79208,4.7352,4.84896,15,60.855,60.6295,61.0805,15,9736.8,9700.73,9772.87,15,0.981956,0.981946,0.981966,15
2620,34.976,34.8828,35.0691,15,65.5633,65.3905,65.7361,15,4.76083,4.69503,4.82663,15,60.8025,60.6227,60.9823,15,9728.4,9699.63,9757.17,15,0.981951,0.981943,0.98196,15
2630,35.1167,34.998,35.2353,15,65.6192,65.4109,65.8275,15,4.79292,4.73277,4.85307,15,60.8262,60.6245,61.028,15,9732.2,9699.91,9764.49,15,0.981954,0.981944,0.981964,15
2640,35.182,35.0797,35.2844,15,65.7717,65.5975,65.9459,15,4.79958,4.67867,4.92049,15,60.9721,60.7737,61.1704,15,9755.53,9723.8,9787.27,15,0.981952,0.981944,0.98196,15
2650,35.4367,35.2274,35.646,15,65.5279,65.1709,65.885,15,4.79083,4.71724,4.86443,15,60.7371,60.3849,61.0893,15,9717.93,9661.59,9774.28,15,0.981951,0.98194,0.981963,15
2660,35.5175,35.3966,35.6384,15,65.5046,65.2943,65.7148,15,4.82875,4.72863,4.92887,15,60.6758,60.4979,60.8538,15,9708.13,9679.66,9736.61,15,0.981956,0.981944,0.981968,15
2670,35.6053,35.5032,35.7073,15,65.6804,65.5124,65.8485,15,4.72208,4.59792,4.84625,15,60.9583,60.857,61.0597,15,9753.33,9737.12,9769.55,15,0.981962,0.981952,0.981972,15
2680,35.8505,35.7229,35.9782,15,65.4408,65.2254,65.6562,15,4.79667,4.69427,4.89906,15,60.6442,60.4102,60.8782,15,9703.07,9665.63,9740.51,15,0.981948,0.981939,0.981957,15
2690,35.9506,35.7758,36.1254,15,65.5763,65.2455,65.907,15,4.78833,4.67516,4.90151,15,60.7879,60.4759,61.0999,15,9726.07,9676.14,9775.99,15,0.981956,0.981942,0.98197,15
2700,36.0252,35.8841,36.1663,15,65.6508,65.4025,65.8992,15,4.75333,4.65028,4.85639,15,60.8975,60.6236,61.1714,15,9743.6,9699.78,9787.42,15,0.981953,0.981945,0.981961,15
2710,36.1878,36.001,36.3746,15,65.5554,65.2221,65.8887,15,4.69208,4.60454,4.77963,15,60.8633,60.5284,61.1982,15,9738.13,9684.55,9791.72,15,0.981953,0.981946,0.981961,15
2720,36.4183,36.2279,36.6086,15,65.4575,65.149,65.766,15,4.72333,4.62881,4.81786,15,60.7342,60.4446,61.0238,15,9717.47,9671.13,9763.8,15,0.981951,0.981938,0.981964,15
2730,36.4343,36.2674,36.6011,15,65.6038,65.3512,65.8563,15,4.70458,4.61676,4.79241,15,60.8992,60.6318,61.1665,15,9743.87,9701.09,9786.64,15,0.981959,0.981952,0.981965,15
2740,36.4859,36.3744,36.5974,15,65.7642,65.5381,65.9902,15,4.71667,4.65416,4.77918,15,61.0475,60.8213,61.2737,15,9767.6,9731.41,9803.79,15,0.981955,0.981947,0.981964,15
2750,36.7343,36.5587,36.9099,15,65.4833,65.2003,65.7664,15,4.67708,4.5899,4.76426,15,60.8062,60.5102,61.1023,15,9729,9681.63,9776.37,15,0.981949,0.98194,0.981959,15
2760,36.7512,36.6132,36.8891,15,65.7271,65.4809,65.9732,15,4.6925,4.58017,4.80483,15,61.0346,60.7799,61.2892,15,9765.53,9724.79,9806.28,15,0.981956,0.981947,0.981965,15
2770,36.9182,36.7689,37.0675,15,65.7042,65.4671,65.9413,15,4.72625,4.64395,4.80855,15,60.9779,60.764,61.1918,15,9756.47,9722.24,9790.69,15,0.981955,0.981944,0.981966,15
2780,37.1358,37.008,37.2636,15,65.5279,65.2903,65.7655,15,4.73167,4.61391,4.84942,15,60.7963,60.5759,61.0166,15,9727.4,9692.15,9762.65,15,0.981956,0.981946,0.981966,15
2790,37.2535,37.1323,37.3746,15,65.5012,65.2772,65.7253,15,4.74,4.65979,4.82021,15,60.7613,60.534,60.9885,15,9721.8,9685.44,9758.16,15,0.981952,0.981942,0.981962,15
2800,37.3412,37.155,37.5274,15,65.595,65.3168,65.8732,15,4.66042,4.57075,4.75008,15,60.9346,60.6613,61.2079,15,9749.53,9705.8,9793.26,15,0.981957,0.981947,0.981968,15
2810,37.5323,37.3086,37.756,15,65.4433,65.0928,65.7938,15,4.69625,4.60685,4.78565,15,60.7471,60.3889,61.1052,15,9719.53,9662.23,9776.84,15,0.98195,0.981942,0.981958,15
2820,37.3826,37.2114,37.5539,15,65.9454,65.6341,66.2567,15,4.74458,4.64486,4.84431,15,61.2008,60.8727,61.529,15,9792.13,9739.63,9844.64,15,0.981966,0.981956,0.981976,15
2830,37.676,37.5347,37.8173,15,65.5404,65.3197,65.7611,15,4.69792,4.59449,4.80135,15,60.8425,60.6401,61.0449,15,9734.8,9702.42,9767.18,15,0.981949,0.98194,0.981958,15
2840,37.8293,37.6709,37.9876,15,65.5687,65.2821,65.8554,15,4.7,4.60914,4.79086,15,60.8688,60.5925,61.145,15,9739,9694.8,9783.2,15,0.981957,0.981946,0.981967,15
2850,37.8508,37.7217,37.9799,15,65.8458,65.5967,66.095,15,4.70458,4.59897,4.8102,15,61.1412,60.8294,61.4531,15,9782.6,9732.71,9832.49,15,0.981958,0.981951,0.981965,15
2860,38.0846,37.9179,38.2512,15,65.5446,65.2681,65.8211,15,4.66917,4.60853,4.7298,15,60.8754,60.5667,61.1841,15,9740.07,9690.68,9789.45,15,0.981949,0.98194,0.981957,15
2870,38.2719,38.0946,38.4491,15,65.5104,65.212,65.8088,15,4.72417,4.65104,4.79729,15,60.7862,60.4887,61.0838,15,9725.8,9678.19,9773.41,15,0.981949,0.98194,0.981959,15
2880,38.3483,38.2041,38.4925,15,65.5396,65.2729,65.8062,15,4.67083,4.57988,4.76179,15,60.8688,60.6284,61.1091,15,9739,9700.54,9777.46,15,0.981953,0.981944,0.981963,15
2890,38.4765,38.3454,38.6076,15,65.5542,65.3747,65.7336,15,4.65667,4.55156,4.76177,15,60.8975,60.7297,61.0653,15,9743.6,9716.75,9770.45,15,0.981955,0.981947,0.981962,15
2900,38.5593,38.4252,38.6935,15,65.685,65.447,65.923,15,4.59375,4.48778,4.69972,15,61.0912,60.8617,61.3208,15,9774.6,9737.87,9811.33,15,0.981949,0.981938,0.981959,15
2910,38.6839,38.5423,38.8254,15,65.7854,65.5531,66.0177,15,4.5575,4.48397,4.63103,15,61.2279,60.9814,61.4744,15,9796.47,9757.03,9835.91,15,0.981959,0.981951,0.981968,15
2920,38.9648,38.8709,39.0587,15,65.4533,65.2589,65.6477,15,4.57833,4.49194,4.66472,15,60.875,60.6563,61.0937,15,9740,9705.01,9774.99,15,0.981953,0.981946,0.981959,15
2930,39.0317,38.8319,39.2315,15,65.5429,65.2738,65.8121,15,4.55333,4.46934,4.63733,15,60.9896,60.7515,61.2276,15,9758.33,9720.25,9796.42,15,0.981953,0.981947,0.981958,15
2940,39.1217,38.9556,39.2879,15,65.5275,65.2763,65.7787,15,4.59083,4.48375,4.69791,15,60.9367,60.6563,61.2171,15,9749.87,9705,9794.73,15,0.981948,0.981942,0.981954,15
2950,39.2249,39.0874,39.3624,15,65.5704,65.3819,65.7589,15,4.67458,4.62229,4.72688,15,60.8958,60.6783,61.1133,15,9743.33,9708.54,9778.13,15,0.981959,0.981949,0.981968,15
2960,39.4235,39.2305,39.6165,15,65.5608,65.2463,65.8754,15,4.585,4.50809,4.66191,15,60.9758,60.6705,61.2812,15,9756.13,9707.27,9804.99,15,0.981949,0.981939,0.98196,15
2970,39.4892,39.2939,39.6845,15,65.6525,65.3711,65.9339,15,4.58083,4.51721,4.64446,15,61.0717,60.7893,61.354,15,9771.47,9726.29,9816.64,15,0.981959,0.981947,0.981971,15
2980,39.5934,39.4031,39.7838,15,65.595,65.2618,65.9282,15,4.58667,4.49254,4.68079,15,61.0083,60.6479,61.3688,15,9761.33,9703.66,9819.01,15,0.981951,0.981942,0.981961,15
2990,39.6327,39.4802,39.7852,15,65.805,65.566,66.044,15,4.64,4.5658,4.7142,15,61.165,60.9161,61.4139,15,9786.4,9746.57,9826.23,15,0.981959,0.981951,0.981967,15
3000,39.7459,39.5485,39.9432,15,65.7362,65.3996,66.0729,15,4.57208,4.49979,4.64438,15,61.1642,60.8235,61.5048,15,9786.27,9731.76,9840.77,15,0.981959,0.981949,0.981969,15
